Global Rank,Word,Flow Between Letters,Keyboard Line Flow,Key Count,Unique Keys,Repeated Keys,Flow Pattern,Pattern Type,Movement Count,Complexity,AI Suitability
49,"go","g↗o","2 keys: g → o",2,2,0,"↗","Diagonal",1,"Simple","Excellent"
56,"no","n↗o","2 keys: n → o",2,2,0,"↗","Diagonal",1,"Simple","Excellent"
65,"good","g↗o·o↙d","3 keys: g → o → d",3,3,0,"↗·↙","Diagonal",3,"Simple","Excellent"
76,"come","c↗o↙m↖e","4 keys: c → o → m → e",4,4,0,"↗↙↖","Diagonal",3,"Simple","Excellent"
78,"over","o↙v↖e→r","4 keys: o → v → e → r",4,4,0,"↙↖→","Diagonal",3,"Simple","Excellent"
92,"want","w↙a↘n↖t","4 keys: w → a → n → t",4,4,0,"↙↘↖","Diagonal",3,"Simple","Excellent"
97,"water","w↙a↗t←e→r","5 keys: w → a → t → e → r",5,5,0,"↙↗←→","Horizontal",4,"Medium","Excellent"
98,"play","p↙l←a↗y","4 keys: p → l → a → y",4,4,0,"↙←↗","Diagonal",3,"Simple","Excellent"
99,"walk","w↙a→l←k","4 keys: w → a → l → k",4,4,0,"↙→←","Horizontal",3,"Simple","Excellent"
Custom,"react","r←e↙a↘c↗t","5 keys: r → e → a → c → t",5,5,0,"←↙↘↗","Diagonal",4,"Medium","Excellent"
Custom,"javascript","j←a↘v↖a→s↘c↗r→i→p←t","9 keys: j → a → v → s → c → r → i → p → t",9,9,0,"←↘↖→↘↗→→←","Horizontal",9,"Complex","Challenging"
Custom,"typescript","t→y→p←e↙s↘c↗r→i→p←t","8 keys: t → y → p → e → s → c → r → i",8,8,0,"→→←↙↘↗→→←","Horizontal",9,"Complex","Challenging"
Custom,"programming","p←r→o↙g↖r↙a↘m·m↗i↙n↖g","8 keys: p → r → o → g → a → m → i → n",8,8,0,"←→↙↖↙↘·↗↙↖","Horizontal",10,"Complex","Challenging"
Custom,"development","d↑e↘v↖e↘l↑o→p↙m↖e↘n↖t","9 keys: d → e → v → l → o → p → m → n → t",9,9,0,"↑↘↖↘↑→↙↖↘↖","Diagonal",10,"Complex","Challenging"
Custom,"interface","i↙n↖t←e→r↓f←a↘c↑e","8 keys: i → n → t → e → r → f → a → c",8,8,0,"↙↖←→↓←↘↑","Horizontal",8,"Complex","Challenging"
Custom,"component","c↗o↙m↗p←o↙n↖e↘n↖t","7 keys: c → o → m → p → n → e → t",7,7,0,"↗↙↗←↙↖↘↖","Diagonal",8,"Complex","Challenging"
Custom,"design","d↑e↙s↗i↙g↘n","6 keys: d → e → s → i → g → n",6,6,0,"↑↙↗↙↘","Diagonal",5,"Medium","Excellent"
Custom,"keyboard","k↖e→y↙b↗o↙a↗r↙d","8 keys: k → e → y → b → o → a → r → d",8,8,0,"↖→↙↗↙↗↙","Diagonal",7,"Complex","Challenging"
Custom,"conju","c↗o↙n↗j↑u","5 keys: c → o → n → j → u",5,5,0,"↗↙↗↑","Diagonal",4,"Medium","Excellent"
Custom,"hello","h↖e↘l·l↑o","4 keys: h → e → l → o",4,4,0,"↖↘·↑","Diagonal",4,"Medium","Excellent"
Custom,"world","w→o←r↘l←d","5 keys: w → o → r → l → d",5,5,0,"→←↘←","Horizontal",4,"Medium","Excellent"
Custom,"type","t→y→p←e","4 keys: t → y → p → e",4,4,0,"→→←","Horizontal",3,"Simple","Excellent"
Custom,"flow","f→l↑o←w","4 keys: f → l → o → w",4,4,0,"→↑←","Horizontal",3,"Simple","Excellent"
Custom,"pattern","p↙a↗t·t←e→r↘n","6 keys: p → a → t → e → r → n",6,6,0,"↙↗·←→↘","Horizontal",6,"Medium","Excellent"
Custom,"quick","q→u→i↙c↗k","5 keys: q → u → i → c → k",5,5,0,"→→↙↗","Diagonal",4,"Medium","Excellent"
Custom,"jumps","j↑u↓m↗p↙s","5 keys: j → u → m → p → s",5,5,0,"↑↓↗↙","Vertical",4,"Medium","Excellent"
Custom,"fox","f↗o↙x","3 keys: f → o → x",3,3,0,"↗↙","Diagonal",2,"Simple","Excellent"
Custom,"dog","d↗o↙g","3 keys: d → o → g",3,3,0,"↗↙","Diagonal",2,"Simple","Excellent"
Custom,"brown","b↖r→o←w↘n","5 keys: b → r → o → w → n",5,5,0,"↖→←↘","Horizontal",4,"Medium","Excellent"
Custom,"lazy","l←a↓z↗y","4 keys: l → a → z → y",4,4,0,"←↓↗","Diagonal",3,"Simple","Excellent"
Custom,"cat","c↖a↗t","3 keys: c → a → t",3,3,0,"↖↗","Diagonal",2,"Simple","Excellent"
Custom,"bird","b↗i←r↙d","4 keys: b → i → r → d",4,4,0,"↗←↙","Diagonal",3,"Simple","Excellent"
Custom,"treat","t←r←e↙a↗t","4 keys: t → r → e → a",4,4,0,"←←↙↗","Diagonal",4,"Medium","Excellent"
Custom,"bad","b↖a→d","3 keys: b → a → d",3,3,0,"↖→","Diagonal",2,"Simple","Excellent"
Custom,"hungry","h↗u↙n↖g↖r→y","6 keys: h → u → n → g → r → y",6,6,0,"↗↙↖↖→","Diagonal",5,"Medium","Excellent"
Custom,"outside","o←u←t↙s↗i↙d↑e","7 keys: o → u → t → s → i → d → e",7,7,0,"←←↙↗↙↑","Diagonal",6,"Medium","Excellent"
Custom,"inside","i↙n↖s↗i↙d↑e","5 keys: i → n → s → d → e",5,5,0,"↙↖↗↙↑","Diagonal",5,"Medium","Excellent"
Custom,"happy","h←a↗p·p←y","4 keys: h → a → p → y",4,4,0,"←↗·←","Diagonal",4,"Medium","Excellent"
Custom,"sad","s←a→d","3 keys: s → a → d",3,3,0,"←→","Horizontal",2,"Simple","Excellent"
Custom,"need","n↖e·e↓d","3 keys: n → e → d",3,3,0,"↖·↓","Diagonal",3,"Simple","Excellent"
Custom,"yes","y←e↙s","3 keys: y → e → s",3,3,0,"←↙","Diagonal",2,"Simple","Excellent"
Custom,"modern","m↗o↙d↑e→r↘n","6 keys: m → o → d → e → r → n",6,6,0,"↗↙↑→↘","Diagonal",5,"Medium","Excellent"
Custom,"clean","c↗l↖e↙a↘n","5 keys: c → l → e → a → n",5,5,0,"↗↖↙↘","Diagonal",4,"Medium","Excellent"
Custom,"simple","s↗i↙m↗p↙l↖e","6 keys: s → i → m → p → l → e",6,6,0,"↗↙↗↙↖","Diagonal",5,"Medium","Excellent"
Custom,"elegant","e↘l↖e↘g←a↘n↖t","6 keys: e → l → g → a → n → t",6,6,0,"↘↖↘←↘↖","Diagonal",6,"Medium","Excellent"
Custom,"smooth","s↘m↗o·o←t↘h","5 keys: s → m → o → t → h",5,5,0,"↘↗·←↘","Diagonal",5,"Medium","Excellent"
Custom,"fast","f←a→s↗t","4 keys: f → a → s → t",4,4,0,"←→↗","Horizontal",3,"Simple","Excellent"
Custom,"efficient","e↘f·f↗i↙c↗i←e↘n↖t","6 keys: e → f → i → c → n → t",6,6,0,"↘·↗↙↗←↘↖","Diagonal",8,"Complex","Challenging"
Custom,"powerful","p←o←w→e→r↓f↗u↘l","8 keys: p → o → w → e → r → f → u → l",8,8,0,"←←→→↓↗↘","Horizontal",7,"Complex","Challenging"
Custom,"flexible","f→l↖e↙x↗i↙b↗l↖e","6 keys: f → l → e → x → i → b",6,6,0,"→↖↙↗↙↗↖","Diagonal",7,"Complex","Challenging"
Custom,"creative","c↗r←e↙a↗t→i↙v↖e","7 keys: c → r → e → a → t → i → v",7,7,0,"↗←↙↗→↙↖","Horizontal",7,"Complex","Challenging"
Custom,"innovative","i↙n·n↗o↙v↖a↗t→i↙v↖e","7 keys: i → n → o → v → a → t → e",7,7,0,"↙·↗↙↖↗→↙↖","Diagonal",9,"Complex","Challenging"
Custom,"mobile","m↗o↙b↗i↘l↖e","6 keys: m → o → b → i → l → e",6,6,0,"↗↙↗↘↖","Diagonal",5,"Medium","Excellent"
Custom,"desktop","d↑e↙s→k↖t→o→p","7 keys: d → e → s → k → t → o → p",7,7,0,"↑↙→↖→→","Diagonal",6,"Medium","Excellent"
Custom,"responsive","r←e↙s↗p←o↙n↖s↗i↙v↖e","8 keys: r → e → s → p → o → n → i → v",8,8,0,"←↙↗←↙↖↗↙↖","Diagonal",9,"Complex","Challenging"
Custom,"layout","l←a↗y→o←u←t","6 keys: l → a → y → o → u → t",6,6,0,"←↗→←←","Horizontal",5,"Medium","Excellent"
Custom,"animation","a↘n↗i↙m↖a↗t→i→o↙n","6 keys: a → n → i → m → t → o",6,6,0,"↘↗↙↖↗→→↙","Diagonal",8,"Complex","Challenging"
Custom,"interaction","i↙n↖t←e→r↙a↘c↗t→i→o↙n","8 keys: i → n → t → e → r → a → c → o",8,8,0,"↙↖←→↙↘↗→→↙","Horizontal",10,"Complex","Challenging"
Custom,"user","u↙s↗e→r","4 keys: u → s → e → r",4,4,0,"↙↗→","Diagonal",3,"Simple","Excellent"
Custom,"experience","e↙x↗p←e→r→i←e↘n←c↑e","7 keys: e → x → p → r → i → n → c",7,7,0,"↙↗←→→←↘←↑","Horizontal",9,"Complex","Challenging"